user_input,retrieved_contexts,response,reference,faithfulness,answer_relevancy,context_precision,context_recall
人工智能就业课的课程版本是什么？,['人工智能学科全新升级——人工智能开发V6.0课程。'],人工智能就业课的课程版本是V6.0。,V6.0,0.0,0.9999999999999996,0.9999999999,1.0
课程的一句话概括是什么？,['解锁「大模型」 新技能成就「高薪AI」人才'],课程的一句话概括是：解锁「大模型」新技能成就「高薪AI」人才。,解锁「大模型」新技能成就「高薪AI」人才。,0.0,1.0,0.9999999999,1.0
课程优势有哪些？,['课程优势\n\n优势一：热门岗位覆盖...\n优势二：与大厂深入合作...\n优势三：定制垂直行业大模型专项领域赋能...\n优势四：覆盖NLP、大模型解决方案和经典技术栈'],课程优势包括热门岗位覆盖、与大厂深入合作、定制垂直行业大模型、覆盖NLP和大模型解决方案。,热门岗位覆盖、与大厂深入合作、定制垂直行业大模型、覆盖NLP和大模型解决方案。,1.0,0.8897911009738052,0.9999999999,1.0
大模型方向的岗位职责是什么？,['大模型方向：设计、实现和优化大规模深度学习模型，包括数据预处理、模型架构设计、训练调优、性能优化以及模型部署。'],大模型方向的岗位职责包括设计、实现和优化大规模深度学习模型，涉及数据预处理、模型架构设计、训练调优、性能优化和模型部署。,设计、实现和优化大规模深度学习模型，包括数据预处理、模型架构设计、训练调优、性能优化和模型部署。,1.0,0.9999999999999993,0.9999999999,1.0
NLP方向的主要功能是什么？,['自然语言处理(NLP)方向：通过处理和分析文本数据，实现语言翻译、情感分析、自动摘要、聊天机器人等功能。'],NLP方向通过处理和分析文本数据，实现语言翻译、情感分析、自动摘要、聊天机器人等功能。,语言翻译、情感分析、自动摘要、聊天机器人。,1.0,0.8998731119295047,0.9999999999,1.0
课程与大厂合作有什么优势？,['优势二：与大厂深入合作（共建大模型课程，助你掌握前沿技术，增强就业竞争力)'],与大厂深入合作可以共建大模型课程，帮助掌握前沿技术，增强就业竞争力。,共建大模型课程，掌握前沿技术，增强就业竞争力。,1.0,0.8718135136888608,0.9999999999,1.0
课程新增了哪些技术？,['d 课程新增技术\n\n新增：大模型开发基础与项目\n\n升级：机器学习\n\n升级：自然语言处理项目1\n\n升级：自然语言处理项目'],课程新增了大模型开发基础与项目，并升级了机器学习、自然语言处理项目1和自然语言处理项目。,大模型开发基础与项目、机器学习、自然语言处理项目1、自然语言处理项目。,1.0,0.8855935072238738,0.9999999999,0.25
赠送内容包括哪些？,['赠送内容一：图像分析基础\n\n赠送内容二：多模态大模型综合项目'],赠送内容包括图像分析基础和多模态大模型综合项目。,图像分析基础、多模态大模型综合项目。,1.0,0.9972015537989443,0.9999999999,1.0
大模型语言基础阶段可以解决什么现实问题？,['第一部分：大模型语言基础\n\n可解决的现实问题：\n\n熟练掌握人工智能Python语言，建立编程思维，使学员能够熟练使用Python技术完成基础程序编写。'],大模型语言基础阶段可以帮助学员熟练掌握Python语言，建立编程思维，完成基础程序编写。,熟练掌握人工智能Python语言，建立编程思维，完成基础程序编写。,1.0,0.9092277901888643,0.9999999999,1.0
Python基础模块包含哪些技术要点？,['模块 技术要点 计算机原理与Python 基础 入门 1.变量2.注释3.标识符和关键字 4.输入输出5.数据类型转换'],Python基础模块包含变量、注释、标识符和关键字、输入输出、数据类型转换等技术要点。,变量、注释、标识符和关键字、输入输出、数据类型转换。,,,0.9999999999,1.0
Python判断语句模块的技术要点是什么？,['Python判断语句 1.if判断语句语法格式 2.比较/关系运算符'],Python判断语句模块的技术要点包括if判断语句语法格式和比较/关系运算符。,if判断语句语法格式、比较/关系运算符。,1.0,0.9999999999999998,0.9999999999,1.0
循环进阶与字符串容器模块包含哪些内容？,['循环进阶与字符串容器 1.while语句语法格式2.while 循环嵌套 3.break 和 continue4.while 循环案例 5.for循环6.字符串定义语法格式 7.字符串遍历8.下标和切片9.字符串常见操作'],循环进阶与字符串容器模块包含while语句、while循环嵌套、break和continue、for循环、字符串定义、遍历、下标和切片等内容。,while语句语法格式、while循环嵌套、break和continue、while循环案例、for循环、字符串定义语法格式、字符串遍历、下标和切片、字符串常见操作。,1.0,0.6622011613265858,0.9999999999,1.0
Python容器模块的技术要点有哪些？,['Python容器 1.列表语法格式2.列表的遍历3.列表常见操作 4.列表嵌套5.列表推导式6.元组语法格式7.元组操作 8.字典语法格式9.字典常见操作10.字典的遍历'],Python容器模块的技术要点包括列表语法、遍历、常见操作、嵌套、推导式，元组语法和操作，字典语法、操作和遍历。,列表语法格式、列表遍历、列表常见操作、列表嵌套、列表推导式、元组语法格式、元组操作、字典语法格式、字典常见操作、字典遍历。,1.0,0.7968062435980499,0.9999999999,1.0
Python函数模块的核心内容是什么？,['Python函数 1.函数概念和作用、函数定义、调用 2.函数的参数3.函数的返回值4.函数的注释 5.函数的嵌套调用6.可变和不可变类型7.局部变量 8.全局变量9.组包和拆包、引用'],Python函数模块的核心内容包括函数定义、调用、参数、返回值、注释、嵌套调用、可变和不可变类型、局部和全局变量、组包拆包及引用。,函数概念和作用、函数定义、调用、函数参数、返回值、注释、嵌套调用、可变和不可变类型、局部变量、全局变量、组包和拆包、引用。,1.0,0.8511844323086871,0.9999999999,1.0
Python文件操作模块的技术要点是什么？,['Python文件操作 1.文件的打开与关闭、文件的读写 2.文件、目录操作及案例 3.os 模块文件与目录相关操作'],Python文件操作模块的技术要点包括文件的打开与关闭、读写，文件和目录操作，以及os模块相关操作。,文件的打开与关闭、文件的读写、文件和目录操作及案例、os模块文件与目录相关操作。,1.0,0.9757869220449518,0.9999999999,1.0
Python异常处理模块包含哪些内容？,['Python异常、模块与包 1.异常概念2.异常捕获3.异常的传递4.模块介绍 5.模块的导入6.包的概念7.包的导入8.模块中的__all_ 9.模块中_name_'],Python异常处理模块包含异常概念、捕获、传递，模块和包的导入，以及__all_和_name_的使用。,异常概念、异常捕获、异常传递、模块介绍、模块导入、包的概念、包的导入、模块中的__all_、模块中的_name_。,0.0,0.9999999999999998,0.9999999999,1.0
聊天机器人实战项目使用了哪些框架？,['本项目结合了Streamlit和LangChain，构建了一个具备上下文记忆和复杂任务处理能力的智能聊天机器人。'],聊天机器人实战项目使用了Streamlit和LangChain框架。,Streamlit和LangChain。,1.0,0.8051537696456291,0.9999999999,1.0
Streamlit在聊天机器人项目中的作用是什么？,['Streamlit提供了简洁易用的界面...基于Streamlit完成chatgpt界面设计'],Streamlit在聊天机器人项目中用于提供简洁易用的界面设计。,提供简洁易用的界面设计。,1.0,0.9794983007243905,0.9999999999,1.0
LangChain在聊天机器人项目中的作用是什么？,['LangChain 负责对话逻辑和任务链执行，支持定制化对话流程和知识库查询。'],LangChain在聊天机器人项目中负责对话逻辑和任务链执行，支持定制化对话流程和知识库查询。,负责对话逻辑和任务链执行，支持定制化对话流程和知识库查询。,0.5,0.961140617997174,0.9999999999,1.0
聊天机器人项目可以应用于哪些场景？,['项目适用于客户服务、学习助手、知识管理等多种场景，具备快速开发、高度可定制和强扩展性的优势。'],聊天机器人项目可以应用于客户服务、学习助手、知识管理等场景。,客户服务、学习助手、知识管理。,0.0,0.9999999999999998,0.9999999999,1.0
NLP自然语言处理基础阶段在课程中的第几部分？,['第六阶段：NLP自然语言处理基础'],NLP自然语言处理基础阶段是课程的第六部分。,第六部分,1.0,0.9473307664453767,0.9999999999,0.0
自然语言处理项目1在课程中的位置是？,['第七部分：自然语言处理项目1'],自然语言处理项目1是课程的第七部分。,第七部分,1.0,0.9159767123474868,0.9999999999,1.0
大模型开发基础与项目在课程中的位置是？,['第九部分：大模型开发基础与项目'],大模型开发基础与项目是课程的第九部分。,第九部分,1.0,0.9602042990609189,0.9999999999,1.0
课程的整体内容目录包含哪些部分？,['整体内容目录：\n\n第一部分：大模型语言基础\n\n第二部分：大模型语言进阶\n\n第三部分：数据处理与统计分析\n\n第四阶段：机器学习\n\n第五阶段：深度学习基础\n\n第六阶段：NLP自然语言处理基础\n\n第七部分：自然语言处理项目1\n\n第八部分：自然语言处理项目2\n\n第九部分：大模型开发基础与项目'],课程内容目录包括大模型语言基础、进阶、数据处理与统计分析、机器学习、深度学习基础、NLP基础、NLP项目1、NLP项目2、大模型开发基础与项目。,大模型语言基础、大模型语言进阶、数据处理与统计分析、机器学习、深度学习基础、NLP自然语言处理基础、自然语言处理项目1、自然语言处理项目2、大模型开发基础与项目。,1.0,0.9604626537722175,0.9999999999,1.0
大模型语言基础阶段的核心竞争力是什么？,['可掌握的核心竞争力：\n\n1．掌握Python开发环境基本配置\n\n2．掌握运算符、表达式、流程控制语句、容器等的使用\n\n3．掌握字符串的基本操作\n\n4．掌握函数的定义及使用\n\n5．熟悉异常捕获的基本流程及使用方式'],大模型语言基础阶段的核心竞争力包括掌握Python开发环境配置、运算符、表达式、流程控制语句、容器、字符串操作、函数定义和使用，以及异常捕获。,掌握Python开发环境基本配置、运算符、表达式、流程控制语句、容器等的使用、字符串的基本操作、函数的定义及使用、熟悉异常捕获的基本流程及使用方式。,0.0,0.8234274054036083,0.9999999999,1.0
聊天机器人项目的核心竞争力有哪些？,['可掌握的核心竞争力：\n\n1．了解Streamlit作用及Streamlit框架的安装\n\n2．能够基于Streamlit完成chatgpt界面设计\n\n3．了解 LangChain 框架的作用及 LangChain 框架组成\n\n4. 能够基于LangChain完成通义模型调用\n\n5．能够基于LangChain $.+$ Streamlit完成chatgpt机器人案例开发'],聊天机器人项目的核心竞争力包括了解Streamlit作用及安装、基于Streamlit设计界面、了解LangChain框架、基于LangChain调用通义模型、结合LangChain和Streamlit开发聊天机器人。,了解Streamlit作用及Streamlit框架的安装、基于Streamlit完成chatgpt界面设计、了解LangChain框架的作用及组成、基于LangChain完成通义模型调用、基于LangChain和Streamlit完成chatgpt机器人案例开发。,0.8,0.75391535782501,0.9999999999,1.0
课程为什么适合AI行业入门者？,['随着大模型时代的到来，人工智能技术和应用发展越来越快，但是以往的人工智能开发门槛高、入门难，为了帮助梦想进入人工智能行业的学生找到更适宜的入门途径，人工智能学科全新升级——人工智能开发V6.0课程。'],课程适合AI行业入门者，因为它针对人工智能开发门槛高、入门难的问题进行了全新升级，推出了V6.0课程，提供更适宜的入门途径。,针对人工智能开发门槛高、入门难的问题，推出全新升级的V6.0课程，提供更适宜的入门途径。,1.0,0.9270196849136954,0.9999999999,1.0
课程如何帮助学员成为大模型应用开发人才？,['学习人工智能开发，以机器学习技术栈完成数据挖掘任务，以深度学习技术栈完成NLP 自然语言处理与大模型开发任务，成为懂 AI、能实战的大模型应用开发人才。'],课程通过机器学习技术栈完成数据挖掘任务，深度学习技术栈完成NLP和大模型开发任务，帮助学员成为懂AI、能实战的大模型应用开发人才。,通过机器学习技术栈完成数据挖掘任务，深度学习技术栈完成NLP和大模型开发任务，成为懂AI、能实战的大模型应用开发人才。,1.0,0.535147057896492,0.9999999999,1.0
机器学习在课程中的位置是？,['第四阶段：机器学习'],机器学习是课程的第四部分。,第四部分,1.0,0.6470754197819383,0.9999999999,0.0
深度学习基础在课程中的位置是？,['第五阶段：深度学习基础'],深度学习基础是课程的第五部分。,第五部分,1.0,0.7833987004829551,0.9999999999,0.0
